{"stats":{"minecraft:used":{"minecraft:bread":1},"minecraft:mined":{"minecraft:grass":1,"minecraft:sand":1},"minecraft:custom":{"minecraft:jump":49,"minecraft:open_chest":1,"minecraft:time_since_rest":7657,"minecraft:leave_game":1,"minecraft:crouch_one_cm":264,"minecraft:walk_on_water_one_cm":74,"minecraft:sprint_one_cm":11647,"minecraft:play_time":7657,"minecraft:damage_taken":40,"minecraft:time_since_death":7657,"minecraft:walk_one_cm":5568,"minecraft:sneak_time":41,"minecraft:total_world_time":7657,"minecraft:walk_under_water_one_cm":107,"minecraft:swim_one_cm":1112,"minecraft:fall_one_cm":1703,"minecraft:fly_one_cm":8689}},"DataVersion":3465}