{"stats":{"minecraft:custom":{"minecraft:time_since_rest":11305,"minecraft:interact_with_furnace":2,"minecraft:sprint_one_cm":52419,"minecraft:damage_taken":40,"minecraft:walk_one_cm":18184,"minecraft:mob_kills":9,"minecraft:damage_dealt":780,"minecraft:swim_one_cm":2466,"minecraft:interact_with_crafting_table":3,"minecraft:fly_one_cm":50278,"minecraft:open_chest":5,"minecraft:crouch_one_cm":90,"minecraft:play_time":11305,"minecraft:sneak_time":132,"minecraft:walk_under_water_one_cm":2874,"minecraft:jump":190,"minecraft:leave_game":1,"minecraft:walk_on_water_one_cm":1891,"minecraft:time_since_death":11305,"minecraft:total_world_time":11305,"minecraft:fall_one_cm":3492},"minecraft:picked_up":{"minecraft:leather":1,"minecraft:acacia_log":10,"minecraft:porkchop":3,"minecraft:dirt":7,"minecraft:beef":3,"minecraft:mutton":9,"minecraft:coal":3,"minecraft:white_wool":6,"minecraft:cobblestone":25},"minecraft:crafted":{"minecraft:wooden_sword":1,"minecraft:crafting_table":1,"minecraft:stick":12,"minecraft:wooden_pickaxe":1,"minecraft:stone_pickaxe":1,"minecraft:wooden_axe":1,"minecraft:stone_sword":1,"minecraft:chest":1,"minecraft:furnace":1,"minecraft:acacia_planks":40,"minecraft:stone_axe":1},"minecraft:mined":{"minecraft:grass":5,"minecraft:acacia_log":10,"minecraft:coal_ore":3,"minecraft:dirt_path":1,"minecraft:dirt":6,"minecraft:tall_grass":2,"minecraft:stone":25},"minecraft:used":{"minecraft:stone_pickaxe":7,"minecraft:bread":3,"minecraft:chest":1,"minecraft:wooden_pickaxe":30,"minecraft:wooden_sword":25,"minecraft:crafting_table":1,"minecraft:furnace":1},"minecraft:killed":{"minecraft:sheep":6,"minecraft:pig":1,"minecraft:cow":2}},"DataVersion":3465}